{
    "main_win": {
        "zoom1": 9,
        "east": -0.09677386378871,
        "west": -20.25485573328247,
        "north": 23.04005795127762,
        "proj_name": "tmp",
        "zoom2": 9,
        "south": -0.29542965559971,
        "proj_folder": "C:\\"
    }
}